{"products":[
    {
        "id":1,
        "pname": "Product 1",
        "category": "Category 1",
        "desc":"Product 1 (Category 1)",
        "count":100
    },
    {
        "id":2,
        "pname": "Product 2",
        "category": "Category 1",
        "desc":"Product 2 (Category 1)",
        "count":100
    },
    {
        "id":3,
        "pname": "Product 3",
        "category": "Category 1",
        "desc":"Product 3 (Category 1)",
        "count":100
    },
    {
        "id":4,
        "pname": "Product 4",
        "category": "Category 1",
        "desc":"Product 4 (Category 1)",
        "count":100
    },
    {
        "id":5,
        "pname": "Product 5",
        "category": "Category 1",
        "desc":"Product 5 (Category 1)",
        "count":100
    },
    {
        "id":6,
        "pname": "Product 6",
        "category": "Category 2",
        "desc":"Product 6 (Category 2)",
        "count":100
    },
    {
        "id":7,
        "pname": "Product 7",
        "category": "Category 2",
        "desc":"Product 7 (Category 2)",
        "count":100
    },
    {
        "id":8,
        "pname": "Product 8",
        "category": "Category 2",
        "desc":"Product 8 (Category 2)",
        "count":100
    },
    {
        "id":9,
        "pname": "Product 9",
        "category": "Category 2",
        "desc":"Product 9 (Category 2)",
        "count":100
    },
    {
        "id":10,
        "pname": "Product 10",
        "category": "Category 3",
        "desc":"Product 10 (Category 3)",
        "count":100
    },
    {
        "id":11,
        "pname": "Product 11",
        "category": "Category 3",
        "desc":"Product 11 (Category 3)",
        "count":100
    },
    {
        "id":12,
        "pname": "Product 12",
        "category": "Category 3",
        "desc":"Product 12 (Category 3)",
        "count":100
    },
    {
        "id":13,
        "pname": "Product 13",
        "category": "Category 3",
        "desc":"Product 13 (Category 3)",
        "count":100
    },
    {
        "id":14,
        "pname": "Product 14",
        "category": "Category 3",
        "desc":"Product 14 (Category 3)",
        "count":100
    },
    {
        "id":15,
        "pname": "Product 15",
        "category": "Category 3",
        "desc":"Product 15 (Category 3)",
        "count":100
    }
]
}